"cust_no","name","birthdate","gender","address","age"
"0015","andrew",1970,"m","south",48
"0050","megan",1978,"f","south",40
"0010","andrew",1980,"m","north",38
"0020","mark",1985,"m","north",33
"0040","cathy",1987,"f","north",31
"0030","ellen",1990,"f","south",28
"0070","trung",1990,"m","north",28
"0060","colin",1992,"m","north",26
