"cust_no","name","birthdate","gender","address"
"0010","andrew",1980,"m","north"
"0015","andrew",1970,"m","south"
"0020","mark",1985,"m","north"
"0030","ellen",1990,"f","south"
"0040","cathy",1987,"f","north"
"0050","megan",1978,"f","south"
"0060","colin",1992,"m","north"
"0070","trung",1990,"m","north"
